
{
    "$schema": "http://json.schemastore.org/template",
    "author": "Ankit Poudyal",
    "classifications": ["Web", "Next.js", "ASP.NET Core"],
    "identity": "NextjsWithAsp.Template",
    "name": "Next.js with ASP.NET Core",
    "shortName": "nextjswithasp",
    "tags": {
      "language": "C#",
      "type": "project"
    },
    "sourceName": "NextjsWithAsp",
    "preferNameDirectory": true,
    "sources": [
      {
        "source": "./",
        "target": "./",
        "exclude": [
          "**/[Bb]in/**",
          "**/[Oo]bj/**",
          ".template.config/**"
        ]
      }
    ]
  }
  